Возраст;Курс;Направление подготовки;Общий стаж работы
более 22 лет;3 курс (бакалавриат);Информационные системы и технологии;от 2 до 3 лет
19 лет;2 курс (бакалавриат);Менеджмент;менее 1 года
20 лет;2 курс (бакалавриат);Менеджмент. Управление бизнесом;не работал(а)
19 лет;2 курс (бакалавриат);Менеджмент;от 2 до 3 лет
21 год;2 курс (бакалавриат);Менеджмент: Управление бизнесом;менее 1 года
19 лет;2 курс (бакалавриат);Менеджмент;не работал(а)
20 лет;2 курс (бакалавриат);Менеджмент. Управление малым бизнесом;от 1 до 2 лет
20 лет;2 курс (бакалавриат);Менеджмент;не работал(а)
20 лет;2 курс (бакалавриат);Менеджмент;не работал(а)
19 лет;2 курс (бакалавриат);менеджмент;менее 1 года
19 лет;2 курс (бакалавриат);менеджмент, управление бизнесом;от 1 до 2 лет
20 лет;2 курс (бакалавриат);менеджмент;менее 1 года
21 год;2 курс (бакалавриат);менеджмент;от 1 до 2 лет
19 лет;2 курс (бакалавриат);Менеджмент, управление бизнесом;от 1 до 2 лет
19 лет;2 курс (бакалавриат);менеджмент;не работал(а)
19 лет;2 курс (бакалавриат);Менкджмент;менее 1 года
19 лет;2 курс (бакалавриат);Менеджмент;менее 1 года
19 лет;2 курс (бакалавриат);Менеджмент;менее 1 года
20 лет;2 курс (бакалавриат);Менеджмент;не работал(а)
более 22 лет;2 курс (бакалавриат);Менеджмент;менее 1 года
18 лет;1 курс (бакалавриат);Бизнес-информатика. Бизнес-аналитика.;не работал(а)
21 год;2 курс (бакалавриат);международный менеджмент;менее 1 года
21 год;2 курс (бакалавриат);международный менеджмент;от 2 до 3 лет
19 лет;2 курс (бакалавриат);Международный менеджмент;от 1 до 2 лет
19 лет;2 курс (бакалавриат);Международный менеджмент;менее 1 года
19 лет;2 курс (бакалавриат);Менеджмент;не работал(а)
19 лет;2 курс (бакалавриат);Международный менеджмент;не работал(а)
19 лет;2 курс (бакалавриат);Международный менеджмент;менее 1 года
19 лет;2 курс (бакалавриат);Международный менеджмент;не работал(а)
19 лет;2 курс (бакалавриат);Междунарожный менеджмент;менее 1 года
20 лет;2 курс (бакалавриат);менеджмент.международный менеджмент;менее 1 года
20 лет;2 курс (бакалавриат);Международный менеджмент;от 2 до 3 лет
19 лет;2 курс (бакалавриат);международный менеджмент;не работал(а)
21 год;2 курс (бакалавриат);менеджмент;от 2 до 3 лет
19 лет;2 курс (бакалавриат);международный менеджмент;менее 1 года
19 лет;2 курс (бакалавриат);Международный менеджмент;более 3 лет
более 22 лет;1 курс (бакалавриат);Информационные системы и технологии;менее 1 года
18 лет;1 курс (бакалавриат);Информационные системы и технологии;не работал(а)
19 лет;1 курс, академического колледжа;гостиничное дело;не работал(а)
18 лет;1 курс (бакалавриат);Бизнес - аналитика;не работал(а)
18 лет;1 курс (бакалавриат);Бизнес-информатика;не работал(а)
19 лет;2 курс (бакалавриат);инфокоммуникационные технологии и системы связи;не работал(а)
18 лет;1 курс (бакалавриат);Бизнес-информатика;не работал(а)
более 22 лет;2 курс (бакалавриат);Инфокоммуникационые технологии и системы связи;не работал(а)
18 лет;1 курс (бакалавриат);бизнес аналитика;не работал(а)
19 лет;2 курс (бакалавриат);инфокоммуникционные технологии и системы связи;не работал(а)
более 22 лет;2 курс (бакалавриат);Ифокуммуникационные технологии и системы связи;от 1 до 2 лет
20 лет;2 курс (бакалавриат);Инфокоммуникационные технологии и системы связи;более 3 лет
19 лет;2 курс (бакалавриат);Инфокоммуникационные тенологии и системы связи;не работал(а)
19 лет;2 курс (бакалавриат);Инфокоммуникационные технологии и системы связи;не работал(а)
19 лет;2 курс (бакалавриат);Инфокоммуникационные технологии и системы связи;менее 1 года
20 лет;2 курс (бакалавриат);Инфокоммуникационные технологии и системы связи;не работал(а)
19 лет;2 курс (бакалавриат);Инфокоммуникационые технологии и системы связи;менее 1 года
20 лет;2 курс (бакалавриат);Инфокоммуникационные технологии и системы связи;не работал(а)
более 22 лет;1 курс (магистратура);ииимш;менее 1 года
19 лет;2 курс (бакалавриат);Информационные системы и технологии;не работал(а)
более 22 лет;1 курс (бакалавриат);Информационные системы и технологии;не работал(а)
19 лет;1 курс (бакалавриат);Информационные системы и технологии;менее 1 года
19 лет;2 курс (бакалавриат);Информационные системы и технологии;не работал(а)
21 год;3 курс (бакалавриат);Лечебное дело;менее 1 года
18 лет;1 курс (бакалавриат);Информационные системы и технологии;не работал(а)
19 лет;2 курс (бакалавриат);Торговое дело;от 1 до 2 лет
19 лет;2 курс (бакалавриат);Торговое дело. Интернет маркетинг;менее 1 года
19 лет;2 курс (бакалавриат);Торговое дело;от 2 до 3 лет
20 лет;2 курс (бакалавриат);торговое дело;не работал(а)
19 лет;2 курс (бакалавриат);Торговое дело;менее 1 года
19 лет;2 курс (бакалавриат);Торговое дело;от 2 до 3 лет
20 лет;2 курс (бакалавриат);Торговое дело;от 1 до 2 лет
19 лет;2 курс (бакалавриат);Торговое дело;менее 1 года
19 лет;2 курс (бакалавриат);Торговое дело;от 2 до 3 лет
20 лет;2 курс (бакалавриат);Торговое дело. Интернет-маркетинг и электронная торговля;от 2 до 3 лет
19 лет;2 курс (бакалавриат);торговое дело;менее 1 года
18 лет;1 курс (бакалавриат);Информационные системы и технологии;менее 1 года
20 лет;2 курс (бакалавриат);государственное и муниципальное управление;менее 1 года
21 год;1 курс (бакалавриат);Информационные системы и технологии;не работал(а)
21 год;1 курс (бакалавриат);Информационные системы и технологии;менее 1 года
18 лет;1 курс (бакалавриат);айти;менее 1 года
19 лет;1 курс (бакалавриат);Информационные системы и технологии;не работал(а)
19 лет;2 курс (бакалавриат);секрет;менее 1 года
20 лет;2 курс (бакалавриат);информационные системы и технологии;не работал(а)
18 лет;2 курс (бакалавриат);Профессианальный ни***неделатель;не работал(а)
более 22 лет;2 курс (бакалавриат);Информационые системы и технологии;от 2 до 3 лет
19 лет;2 курс (бакалавриат);Государственное и Муниципальное управление . Управление территориальным развитием;менее 1 года
19 лет;2 курс (бакалавриат);Государственное муниципальное управление. Управление территориальным развитием.;менее 1 года
19 лет;2 курс (бакалавриат);бгу;не работал(а)
19 лет;2 курс (бакалавриат);Торговое дело;от 2 до 3 лет
19 лет;2 курс (бакалавриат);торгвое дело;не работал(а)
19 лет;2 курс (бакалавриат);Торговое дело;не работал(а)
19 лет;2 курс (бакалавриат);торговое дело;не работал(а)
19 лет;2 курс (бакалавриат);Торговое дело;от 2 до 3 лет
19 лет;2 курс (бакалавриат);Торговое дело;менее 1 года
19 лет;2 курс (бакалавриат);торговое дело;не работал(а)
19 лет;2 курс (бакалавриат);торговое дело;менее 1 года
19 лет;2 курс (бакалавриат);торговое дело;менее 1 года
20 лет;2 курс (бакалавриат);Торговое дело;не работал(а)
20 лет;2 курс (бакалавриат);Торговое жело;от 1 до 2 лет
19 лет;2 курс (бакалавриат);торговое дело;от 1 до 2 лет
20 лет;2 курс (бакалавриат);торговое дело;менее 1 года
19 лет;2 курс (бакалавриат);Торговое дело;не работал(а)
19 лет;2 курс (бакалавриат);тороговое дело;менее 1 года
19 лет;2 курс (бакалавриат);Гму;от 1 до 2 лет
19 лет;2 курс (бакалавриат);ГМУ;менее 1 года
20 лет;2 курс (бакалавриат);государственное и муниципальное управление;от 2 до 3 лет
20 лет;2 курс (бакалавриат);Государсвенное и муниципальное управления;от 1 до 2 лет
19 лет;2 курс (бакалавриат);Государственное и муниципальное управление;менее 1 года
20 лет;2 курс (бакалавриат);государственное и муниципальное управление;от 1 до 2 лет
19 лет;2 курс (бакалавриат);менеджемент;от 1 до 2 лет
менее 17 лет;1 курс колледжа;Парикмахерское искуство;менее 1 года
менее 17 лет;1 курс (колледж);Технология парихмахерского искуства;не работал(а)
менее 17 лет;колледж 1 курс;парикхмахерское искусство;менее 1 года
менее 17 лет;1 курс (коллелжа);Парикмахерское искусство;менее 1 года
18 лет;1 курс колледжа;парикмахерское;от 1 до 2 лет
менее 17 лет;1 курс (бакалавриат);парикмахерское искусство;не работал(а)
18 лет;1 курс (бакалавриат);Технология Парекмахерского исскуства;не работал(а)
18 лет;1 курс (бакалавриат);Технология Парикмахерского искусства;не работал(а)
менее 17 лет;1 курс (бакалавриат);Технология парихмаерского искусства;не работал(а)
18 лет;1 курс (бакалавриат);Технология парикмахерского искусства;не работал(а)
19 лет;2 курс (бакалавриат);государственное и муниципальное управление;менее 1 года
19 лет;2 курс (бакалавриат);менеджмент . управление бизнесом.;от 1 до 2 лет
20 лет;2 курс (бакалавриат);менеджмент;не работал(а)
19 лет;2 курс (бакалавриат);менеджмент;от 2 до 3 лет
20 лет;2 курс (бакалавриат);Менеджемет;не работал(а)
19 лет;2 курс (бакалавриат);экономика менеджмент;менее 1 года
20 лет;2 курс (бакалавриат);Менеджмент, Управление бизнесом;от 2 до 3 лет
19 лет;2 курс (бакалавриат);менеджмент;от 1 до 2 лет
19 лет;2 курс (бакалавриат);менеджмент;от 1 до 2 лет
20 лет;2 курс (бакалавриат);экономика. менеджмент;не работал(а)
19 лет;2 курс (бакалавриат);управление бизнесом;более 3 лет
19 лет;2 курс (бакалавриат);Менеджмент;менее 1 года
19 лет;2 курс (бакалавриат);менеджмент;от 1 до 2 лет
19 лет;2 курс (бакалавриат);менеджмент;от 1 до 2 лет
более 22 лет;2 курс (бакалавриат);Менеджмент;от 2 до 3 лет
19 лет;2 курс (бакалавриат);Менеджмент. Управленип бизнесом;менее 1 года
21 год;2 курс (бакалавриат);Прикладная информатика;не работал(а)
19 лет;2 курс (бакалавриат);Менеджмент Управление Бизнесом;от 1 до 2 лет
20 лет;2 курс (бакалавриат);умправление малым и средним бизнесом;от 1 до 2 лет
более 22 лет;2 курс (бакалавриат);Прикладная информатика;не работал(а)
19 лет;2 курс (бакалавриат);управление бизнесом;от 1 до 2 лет
19 лет;2 курс (бакалавриат);менеджмент;от 1 до 2 лет
20 лет;2 курс (бакалавриат);Менеджмент;от 1 до 2 лет
19 лет;2 курс (бакалавриат);Менеджмент;менее 1 года
19 лет;2 курс (бакалавриат);Прикладная информатика и мобильные приложения;не работал(а)
19 лет;2 курс (бакалавриат);Прикладная информатика;от 1 до 2 лет
20 лет;2 курс (бакалавриат);менеджмент;более 3 лет
19 лет;2 курс (бакалавриат);менеджмент;от 2 до 3 лет
19 лет;2 курс (бакалавриат);Прикладная Информатика;не работал(а)
20 лет;2 курс (бакалавриат);Прикладная информатика;не работал(а)
19 лет;2 курс (бакалавриат);Прикладная информатика;не работал(а)
19 лет;2 курс (бакалавриат);ПРИКЛАДНАЯ ИНФОРМАТИКА;не работал(а)
19 лет;2 курс (бакалавриат);прикладная информатика;не работал(а)
19 лет;2 курс (бакалавриат);Прикладная информатика;от 1 до 2 лет
18 лет;1 курс (бакалавриат);Прикладная Информатика;менее 1 года
19 лет;1 курс (бакалавриат);БПИ-22-2;не работал(а)
19 лет;2 курс (бакалавриат);БГУ-21-УР1;менее 1 года
19 лет;1 курс (бакалавриат);Прикладная информатика;менее 1 года
19 лет;2 курс (бакалавриат);Гму;от 1 до 2 лет
19 лет;2 курс (бакалавриат);государственное муниципальное управление;не работал(а)
19 лет;2 курс (бакалавриат);Государственное и муниципальное управление. Управление территориальным развитием;менее 1 года
18 лет;1 курс (бакалавриат);Прикладная информатика;менее 1 года
18 лет;1 курс (бакалавриат);Прикладная информатика;не работал(а)
19 лет;2 курс (бакалавриат);государственное и муниципальное управление;от 1 до 2 лет
18 лет;1 курс (бакалавриат);Прикладная информатика;не работал(а)
18 лет;1 курс (бакалавриат);Прикладная информатика;не работал(а)
18 лет;1 курс (бакалавриат);прикладная информатика;менее 1 года
18 лет;1 курс (бакалавриат);прикладная информатика;менее 1 года
более 22 лет;2 курс (бакалавриат);ГМУ;более 3 лет
18 лет;1 курс (бакалавриат);Прикладная информатика;не работал(а)
20 лет;2 курс (бакалавриат);государственное управление;не работал(а)
18 лет;1 курс (бакалавриат);Прикладная информатика;от 1 до 2 лет
18 лет;1 курс (бакалавриат);Прикладная информатика;не работал(а)
19 лет;1 курс (бакалавриат);Прикладная Информатика;от 1 до 2 лет
19 лет;1 курс (бакалавриат);Прикладная информатика;не работал(а)
18 лет;1 курс (бакалавриат);Прикладная информатика;не работал(а)
18 лет;1 курс (бакалавриат);Инфокоммуникационные технологии и системы связи;не работал(а)
20 лет;2 курс (бакалавриат);Государственное и муниципальное управление;от 1 до 2 лет
18 лет;1 курс (бакалавриат);Прикладная информатика;не работал(а)
19 лет;2 курс (бакалавриат);Государственное и муниципальное управление;менее 1 года
19 лет;2 курс (бакалавриат);Государственное и муниципальное управление;не работал(а)
20 лет;2 курс (бакалавриат);Государственное муниципальное управление управление территориальным развитием;от 1 до 2 лет
19 лет;2 курс (бакалавриат);государственное и муниципальное управление;менее 1 года
21 год;2 курс (бакалавриат);государственное и муниципальное управление;от 1 до 2 лет
19 лет;2 курс (бакалавриат);Государственное и муниципальное управление;менее 1 года
20 лет;2 курс (бакалавриат);гму;менее 1 года
19 лет;2 курс (бакалавриат);Гос и муниципальное управление;от 1 до 2 лет
19 лет;2 курс (бакалавриат);государственное и муниципальное управление;от 2 до 3 лет
18 лет;1 курс (бакалавриат);Прикладная математика;не работал(а)
18 лет;Колледж Ithub;web-разработчик;менее 1 года
21 год;Колледж;Колледж;менее 1 года
19 лет;Среднее специальное образование 1 курс;Веб-разоаботка;не работал(а)
18 лет;1 курс (бакалавриат);Информационные технологии;не работал(а)
18 лет;1 курс СПО;Веб-разработка;менее 1 года
18 лет;1 курс (бакалавриат);Прикладная информатика;не работал(а)
19 лет;1 курс (бакалавриат);прикладная информатика;менее 1 года
19 лет;1 курс (бакалавриат);Прикладная информатика;менее 1 года
18 лет;1 курс (бакалавриат);Инфокоммуникационные системы и технологии;не работал(а)
18 лет;1 курс (бакалавриат);Прикладная информатика;менее 1 года
18 лет;1 курс (бакалавриат);прикладная информатика;не работал(а)
18 лет;1 курс (бакалавриат);инфоком;более 3 лет
менее 17 лет;1 курс (бакалавриат);Прикладная информатика;не работал(а)
19 лет;1 курс (бакалавриат);информационные технологии;не работал(а)
18 лет;1 курс (бакалавриат);Инфокоммуникационные технологии и системы связи;не работал(а)
более 22 лет;1 курс (бакалавриат);Инфокоммуникационные технологии и системы связи;не работал(а)
19 лет;2 курс (бакалавриат);итс;более 3 лет
19 лет;Колледж IThub;Программирование;менее 1 года
18 лет;Колледж;IT;не работал(а)
18 лет;1 курс (бакалавриат);Программирование;не работал(а)
18 лет;1 курс (бакалавриат);Программист;не работал(а)
18 лет;1 курс (среднее профессиональное);IT;менее 1 года
18 лет;1 курс (бакалавриат);It-специаоист;менее 1 года
более 22 лет;2 курс (бакалавриат);информация и технологии;не работал(а)
19 лет;Колледж;Программист;не работал(а)
18 лет;1 курс (бакалавриат);пргораммист;не работал(а)
18 лет;Колледж;Программист;не работал(а)
18 лет;1 курс(колледж);IT;не работал(а)
19 лет;2 курс (бакалавриат);Информационные системы и технологии;не работал(а)
18 лет;1 курс среднего образования;IT;менее 1 года
19 лет;2 курс (бакалавриат);Информационные системы и технологии;не работал(а)
19 лет;1 курс (колледж);Информационные системы и программирование;не работал(а)
19 лет;1 курс колледж;it;от 1 до 2 лет
18 лет;СПО;09.02.07;не работал(а)
19 лет;2 курс (бакалавриат);Информационные системы и технологии;менее 1 года
19 лет;2 курс (бакалавриат);Информационные системы и технологии;не работал(а)
21 год;2 курс (бакалавриат);Информационные технологии;от 1 до 2 лет
20 лет;2 курс (бакалавриат);Информационные системы;не работал(а)
20 лет;2 курс (бакалавриат);Экономика;не работал(а)
19 лет;2 курс (бакалавриат);экономика;не работал(а)
21 год;2 курс (бакалавриат);экономическое управление;менее 1 года
20 лет;2 курс (бакалавриат);экономика;не работал(а)
20 лет;2 курс (бакалавриат);эканомика;не работал(а)
более 22 лет;2 курс (бакалавриат);экономика;не работал(а)
21 год;2 курс (бакалавриат);Эканомика;от 1 до 2 лет
20 лет;2 курс (бакалавриат);Эконмика;не работал(а)
21 год;2 курс (бакалавриат);изучать;от 1 до 2 лет
20 лет;2 курс (бакалавриат);Экономика;не работал(а)
21 год;2 курс (бакалавриат);экномика;не работал(а)
21 год;2 курс (бакалавриат);экономика;не работал(а)
19 лет;1 курс (бакалавриат);веб разработка;менее 1 года
18 лет;1 курс в колледже;веб разработчик;не работал(а)
18 лет;1 курс (бакалавриат);веб разработка;не работал(а)
18 лет;it hub;веб разработка;менее 1 года
19 лет;IThub;Веб-разработка;не работал(а)
19 лет;Ithub, it-сип- в02;веб-разработчик;менее 1 года
18 лет;Ithub;Веб-разработка;от 1 до 2 лет
21 год;1 курс (бакалавриат);Веб разработчик;менее 1 года
18 лет;Колледж ITHUB;Веб-разработка;менее 1 года
18 лет;1 курс колледж;IT-hub;от 2 до 3 лет
19 лет;1 курс (бакалавриат);программистика;не работал(а)
18 лет;колледж 1 курс;IT-сфера;от 2 до 3 лет
19 лет;3 курс (бакалавриат);бизнес-аналитика;не работал(а)
20 лет;3 курс (бакалавриат);Бизнес-информатика;не работал(а)
20 лет;3 курс (бакалавриат);Бизнес информатика;от 2 до 3 лет
21 год;3 курс (бакалавриат);Бизнес - аналитика;не работал(а)
19 лет;2 курс (специалитет);Судебная деятельность;от 1 до 2 лет
19 лет;2 курс (бакалавриат);Экономика;не работал(а)
21 год;2 курс (бакалавриат);Экономика;менее 1 года
19 лет;2 курс (бакалавриат);Экономика. Бухгалтерский учет и анализ хозяйственной деятельности;не работал(а)
19 лет;2 курс (бакалавриат);бухгалтерский учет;от 1 до 2 лет
19 лет;2 курс (бакалавриат);экономика;не работал(а)
19 лет;2 курс (бакалавриат);Экономика. Бух. учет;не работал(а)
19 лет;2 курс (бакалавриат);Экономика;от 1 до 2 лет
20 лет;2 курс (бакалавриат);экономика;не работал(а)
19 лет;2 курс (бакалавриат);Экономика. Бухгалтерский учёт и анализ хозяйственной деятельности;не работал(а)
19 лет;2 курс (бакалавриат);Юриспруденция;не работал(а)
19 лет;2 курс (бакалавриат);юриспруденция;не работал(а)
20 лет;2 курс (бакалавриат);Юриспруденция;не работал(а)
19 лет;2 курс (бакалавриат);Юриспруденция;менее 1 года
19 лет;2 курс (бакалавриат);юрист;не работал(а)
19 лет;2 курс (бакалавриат);юриспруденция;не работал(а)
20 лет;2 курс (бакалавриат);юриспруденция;не работал(а)
19 лет;2 курс (бакалавриат);юриспруденция;от 1 до 2 лет
19 лет;2 курс (бакалавриат);Юриспруденция;менее 1 года
20 лет;2 курс (бакалавриат);юрисприденция;не работал(а)
21 год;2 курс (бакалавриат);Юриспруденция;не работал(а)
более 22 лет;работаю стриптизер в гей клубе;механик;более 3 лет
19 лет;2 курс (бакалавриат);юриспруденция;от 1 до 2 лет
более 22 лет;работаю нефтяным магнатом;миллиардер;более 3 лет
19 лет;2 курс (бакалавриат);Юриспруденция;не работал(а)
20 лет;2 курс (бакалавриат);Юниспруденция;не работал(а)
19 лет;2 курс (бакалавриат);Экономика;менее 1 года
19 лет;2 курс (бакалавриат);Международный бизнес;менее 1 года
20 лет;2 курс (бакалавриат);Международный бизнес;менее 1 года
19 лет;2 курс (бакалавриат);Международный бизнес;не работал(а)
19 лет;2 курс (бакалавриат);международная экономика;более 3 лет
19 лет;2 курс (бакалавриат);международный бизнес;менее 1 года
19 лет;2 курс (бакалавриат);международный бизнес;не работал(а)
19 лет;2 курс (бакалавриат);экономика. международный бизнес;не работал(а)
19 лет;2 курс (бакалавриат);международный бизнес;менее 1 года
19 лет;2 курс (бакалавриат);Экономика и управление. Международный бизнес;не работал(а)
19 лет;2 курс (бакалавриат);экономика;менее 1 года
20 лет;2 курс (бакалавриат);международный бизнес;менее 1 года
20 лет;2 курс специалитет;Информационная безопасность;менее 1 года
19 лет;1 курс (бакалавриат);Экономика;не работал(а)
18 лет;1 курс (бакалавриат);Цифровая экономика и бизнес-аналитика;от 2 до 3 лет
20 лет;2 курс (бакалавриат);программная инженерия;не работал(а)
18 лет;1 курс (бакалавриат);экономика;не работал(а)
18 лет;1 курс (бакалавриат);Экономика;от 1 до 2 лет
18 лет;1 курс (бакалавриат);прикладная математика;не работал(а)
18 лет;1 курс (бакалавриат);Экономика;менее 1 года
18 лет;1 курс (бакалавриат);экономика;менее 1 года
19 лет;2 курс (бакалавриат);Программная инженерия;менее 1 года
20 лет;1 курс (бакалавриат);экономика;менее 1 года
более 22 лет;2 курс (бакалавриат);Программная инженерия;не работал(а)
21 год;2 курс (бакалавриат);Программная инженерия;не работал(а)
20 лет;1 курс (бакалавриат);Экономика;менее 1 года
19 лет;1 курс (бакалавриат);Цифровая экономика;менее 1 года
18 лет;1 курс (бакалавриат);экономика;менее 1 года
18 лет;1 курс (бакалавриат);Прикладная математика. Цифровая экономика;от 1 до 2 лет
18 лет;1 курс (бакалавриат);экономика;не работал(а)
18 лет;1 курс (бакалавриат);Экономика;не работал(а)
18 лет;1 курс (бакалавриат);экономика;не работал(а)
18 лет;1 курс (бакалавриат);Экономика;не работал(а)
21 год;1 курс (бакалавриат);Экономика;менее 1 года
19 лет;2 курс (бакалавриат);Информационная безопасность;не работал(а)
18 лет;1 курс (бакалавриат);Экономика;менее 1 года
более 22 лет;2 курс (бакалавриат);Прикладная информатика;не работал(а)
20 лет;2 курс (бакалавриат);Прикладная информатика;менее 1 года
20 лет;2 курс (бакалавриат);Прикладная информатика;не работал(а)
менее 17 лет;1 курс (бакалавриат);экономика;не работал(а)
19 лет;2 курс специалитет;Безопасность автоматизированных систем;не работал(а)
19 лет;2 курс (специалитет);Информационная безопасность автоматизированных систем;менее 1 года
19 лет;2 курс (специалитет);специалист информационной безопасности;не работал(а)
19 лет;2 курс (специалитет);информационная безопасность автоматизированных систем;не работал(а)
18 лет;1 курс (специалитет);информационная безопасность;не работал(а)
18 лет;1 курс (бакалавриат);Бизнес-информатика;менее 1 года
18 лет;1 курс (бакалавриат);Прикладная математика, Цифровая экономика;не работал(а)
18 лет;1 курс (бакалавриат);Прикладная математика;менее 1 года
21 год;3 курс (бакалавриат);Бизнес Агалитика;не работал(а)
21 год;3 курс (бакалавриат);Бизнес-информатика;менее 1 года
20 лет;3 курс (бакалавриат);Бизнес информатика;менее 1 года
20 лет;3 курс (бакалавриат);Прикладная математика;не работал(а)
20 лет;3 курс (бакалавриат);Прикладная математика;не работал(а)
20 лет;3 курс (бакалавриат);бизнес-аналитика;от 1 до 2 лет
20 лет;3 курс (бакалавриат);бизнес-аналитика;более 3 лет
21 год;3 курс (бакалавриат);бизнес информатика;не работал(а)
20 лет;3 курс (бакалавриат);бизнес информатика;от 2 до 3 лет
20 лет;3 курс (бакалавриат);Бизнес-информатика;менее 1 года
20 лет;3 курс (бакалавриат);бизнес-аналитака;менее 1 года
21 год;1 курс (бакалавриат);инфокоммуникационные технологии и системы связи;от 1 до 2 лет
18 лет;1 курс (бакалавриат);Инфокоммуникационные системы и технологии;более 3 лет
18 лет;1 курс (бакалавриат);Инфокоммуникационные технологии и системы связи;менее 1 года
18 лет;1 курс (бакалавриат);Инфокоммуникационные технологии и системы связи;не работал(а)
18 лет;1 курс (бакалавриат);Инфокоммуникационные системы и технологии связи;не работал(а)
18 лет;1 курс (бакалавриат);Инфокомуникационные системы и технологии связи;менее 1 года
18 лет;1 курс (бакалавриат);Инфокоммуникационные технологии и системы связи;не работал(а)
18 лет;1 курс (бакалавриат);инфокоммуникационные технологии и системы связи;менее 1 года
20 лет;1 курс (бакалавриат);Инфо-комунникационные;не работал(а)
18 лет;1 курс (бакалавриат);Инфокоммуникационные технологии и системы связи;не работал(а)
18 лет;1 курс (бакалавриат);Инфокоммуникационные технологии и системы связи;не работал(а)
19 лет;1 курс (бакалавриат);Инфокоммуникационные технологии и системы связи;не работал(а)
20 лет;1 курс (бакалавриат);Инфокоммуникационные технологии и системы связи;не работал(а)
более 22 лет;1 курс (бакалавриат);Инфокоммуникационные технологии и системы связи;менее 1 года
18 лет;1 курс (бакалавриат);Инфокоммуникационные технологии и системы связи;не работал(а)
19 лет;1 курс (бакалавриат);БИК;не работал(а)
20 лет;1 курс (бакалавриат);Инфокоммуникационные технологии и системы связи;менее 1 года
более 22 лет;1 курс (бакалавриат);Инфокоммуникационные технологии и системы связи;не работал(а)
18 лет;1 курс (бакалавриат);Инфокоммуникационные технологии и системы связи;менее 1 года
18 лет;1 курс (бакалавриат);Инфокоммуникационные технологии и системы связи;не работал(а)
18 лет;1 курс (бакалавриат);Инфокоммуникационные технологии и системы связей 11.01.03;не работал(а)
18 лет;1 курс (бакалавриат);информационные системы и технологии;не работал(а)
18 лет;1 курс (бакалавриат);Информационные системы и технологии;не работал(а)
менее 17 лет;1 курс (бакалавриат);Информационные системы и технологии;менее 1 года
19 лет;1 курс (бакалавриат);Информационные системы и технологии;не работал(а)
18 лет;1 курс (бакалавриат);Информационные системы и технологии;менее 1 года
18 лет;1 курс (бакалавриат);Информационные системы и технологии;не работал(а)
18 лет;1 курс (бакалавриат);информационные системы и технологии;не работал(а)
19 лет;1 курс (бакалавриат);информационные системы и технологии;не работал(а)
18 лет;1 курс (бакалавриат);Информационные системы и технологии;не работал(а)
18 лет;1 курс (бакалавриат);информационные системы и технологии;менее 1 года
18 лет;1 курс (бакалавриат);информационные системы и технологии;не работал(а)
18 лет;1 курс (бакалавриат);Информационные системы и технологии;не работал(а)
18 лет;1 курс (бакалавриат);информационные системы и технологии;не работал(а)
19 лет;1 курс (бакалавриат);Информационные системы и технологии;менее 1 года
более 22 лет;1 курс (бакалавриат);Информационные системы и технологии;не работал(а)
18 лет;1 курс (бакалавриат);Информационные системы и технологии;менее 1 года
19 лет;1 курс (бакалавриат);Информационные системы и технологии;менее 1 года
19 лет;1 курс (бакалавриат);Информационные системы и технологии;не работал(а)
18 лет;1 курс (бакалавриат);Информационные системы и технологии;не работал(а)
18 лет;1 курс (бакалавриат);Информационные системы и технологии;не работал(а)
18 лет;1 курс (бакалавриат);Информационные системы и технологии;не работал(а)
21 год;1 курс (бакалавриат);ИТС;не работал(а)
21 год;1 курс (бакалавриат);Информационные системы и технологии;не работал(а)
18 лет;1 курс (бакалавриат);Информационные системы и технологии;не работал(а)
21 год;1 курс (бакалавриат);ИТС;менее 1 года
18 лет;1 курс (бакалавриат);информационные системы и технологии;не работал(а)
18 лет;1 курс (бакалавриат);Информационные системы и технологии;не работал(а)
20 лет;2 курс (бакалавриат);информационная безопасность;от 1 до 2 лет
20 лет;2 курс (бакалавриат);информационная безопасность;не работал(а)
18 лет;1 курс (бакалавриат);Менеджмент;менее 1 года
18 лет;1 курс (бакалавриат);Менеджмент;от 1 до 2 лет
18 лет;1 курс (бакалавриат);Менеджемент;не работал(а)
18 лет;1 курс (бакалавриат);менеджмент;менее 1 года
19 лет;1 курс (бакалавриат);Менеджмент;менее 1 года
19 лет;1 курс (бакалавриат);менеджмент;не работал(а)
18 лет;1 курс (бакалавриат);менеджмент;от 1 до 2 лет
18 лет;1 курс (бакалавриат);Менеджмент;от 1 до 2 лет
18 лет;1 курс (бакалавриат);Менеджмент;не работал(а)
18 лет;1 курс (бакалавриат);Менеджмент;менее 1 года
18 лет;1 курс (бакалавриат);Менеджмент;менее 1 года
18 лет;1 курс (бакалавриат);менеджмент;более 3 лет
18 лет;1 курс (бакалавриат);Менеджмент;не работал(а)
18 лет;1 курс (бакалавриат);Менеджмент;менее 1 года
18 лет;1 курс (бакалавриат);менеджмент;менее 1 года
19 лет;1 курс (бакалавриат);Менеджмент;от 1 до 2 лет
18 лет;1 курс (бакалавриат);менеджмент;менее 1 года
18 лет;1 курс (бакалавриат);Менеджмент;от 2 до 3 лет
20 лет;1 курс (бакалавриат);менеджмент;от 1 до 2 лет
19 лет;1 курс (бакалавриат);Менеджмент;менее 1 года
18 лет;1 курс (бакалавриат);Менеджмент;менее 1 года
18 лет;1 курс (бакалавриат);Менеджмент;от 2 до 3 лет
18 лет;1 курс (бакалавриат);Менеджмент;не работал(а)
18 лет;1 курс (бакалавриат);Менеджмент;не работал(а)
18 лет;1 курс (бакалавриат);менджмент;менее 1 года
19 лет;1 курс (бакалавриат);менеджмент;от 1 до 2 лет
18 лет;1 курс (бакалавриат);менеджмент;от 2 до 3 лет
18 лет;1 курс (бакалавриат);менеджмент;от 1 до 2 лет
18 лет;1 курс (бакалавриат);Менеджмент;не работал(а)
18 лет;1 курс (бакалавриат);Менеджмент;менее 1 года
19 лет;1 курс (бакалавриат);Менеджмент;от 1 до 2 лет
18 лет;1 курс (бакалавриат);менеджмент;не работал(а)
18 лет;1 курс (бакалавриат);Менеджмент;более 3 лет
19 лет;1 курс (бакалавриат);Менеджмент;более 3 лет
18 лет;1 курс (бакалавриат);менеджмент;от 1 до 2 лет
19 лет;1 курс (бакалавриат);менеджмент;от 1 до 2 лет
18 лет;1 курс (бакалавриат);Менеджмент;от 2 до 3 лет
19 лет;3 курс (бакалавриат);конструирование изделий лёгкой промышленности;менее 1 года
21 год;3 курс (бакалавриат);Конструирование изделий лёгкой промышленности;менее 1 года
21 год;3 курс (бакалавриат);Конструирование изделий легкой промышленности;не работал(а)
20 лет;3 курс (бакалавриат);констркирование изделий легкой промушленности;менее 1 года
20 лет;3 курс (бакалавриат);Сервис на транспорте;менее 1 года
21 год;3 курс (бакалавриат);сервис на транспорте;от 1 до 2 лет
21 год;3 курс (бакалавриат);сервис на транспорте;менее 1 года
более 22 лет;3 курс (бакалавриат);сервис на транспорте;от 2 до 3 лет
20 лет;3 курс (бакалавриат);сервис на транспорте;менее 1 года
20 лет;3 курс (бакалавриат);сервис;от 1 до 2 лет
20 лет;3 курс (бакалавриат);сервис на транспорте;от 1 до 2 лет
21 год;3 курс (бакалавриат);Сервис;от 2 до 3 лет
21 год;3 курс (бакалавриат);Сервис на транспорте;от 1 до 2 лет
20 лет;3 курс (бакалавриат);сервис;менее 1 года
19 лет;2 курс(специалитет);Гражданско-правовая;от 1 до 2 лет
19 лет;2 курс (специалитет);судебная деятельность;менее 1 года
19 лет;2 курс (специалитет);Судебная деятельность;не работал(а)
20 лет;2 курс (специалетита);судебная деятельность;не работал(а)
19 лет;2 курс (бакалавриат);судебная деятельность;от 1 до 2 лет
19 лет;2 курс (специалитет);Судебная деятельность;не работал(а)
19 лет;2 курс (специалитет);Судебная деятельность;от 1 до 2 лет
19 лет;2 курс (специалитет);судебная деятельность;менее 1 года
19 лет;2 курс (бакалавриат);судебная деятельность;менее 1 года
19 лет;2 курс специалитет;судебная деятельность;более 3 лет
19 лет;специалитет;судебная деятельность;менее 1 года
19 лет;2 курс (Специалитет);судебная деятельность;от 1 до 2 лет
20 лет;3 курс (бакалавриат);Сервис в авиации;более 3 лет
более 22 лет;3 курс (бакалавриат);Сервис в Авиации;от 2 до 3 лет
20 лет;3 курс (бакалавриат);Сервис в авиации;менее 1 года
более 22 лет;3 курс (бакалавриат);сервис;от 2 до 3 лет
20 лет;3 курс (бакалавриат);сервис в авиации;не работал(а)
20 лет;3 курс (бакалавриат);Сервис в авиации;менее 1 года
20 лет;3 курс (бакалавриат);сервис в авиации;от 1 до 2 лет
20 лет;3 курс (бакалавриат);сервис в авиации;от 2 до 3 лет
более 22 лет;3 курс (бакалавриат);сервис;более 3 лет
19 лет;3 курс (бакалавриат);Сервис;менее 1 года
20 лет;3 курс (бакалавриат);Сервис в авиации;менее 1 года
19 лет;2 курс (бакалавриат);Юриспруденция;не работал(а)
более 22 лет;2 курс (бакалавриат);юриспруденция;от 1 до 2 лет
19 лет;2 курс (бакалавриат);юрипруденция;от 1 до 2 лет
19 лет;2 курс (бакалавриат);юриспруденция;не работал(а)
19 лет;2 курс (бакалавриат);Юриспруденция;не работал(а)
19 лет;2 курс (бакалавриат);Юриспруденция;не работал(а)
19 лет;2 курс (бакалавриат);Юриспруденция;не работал(а)
19 лет;2 курс (бакалавриат);юриспруденция;менее 1 года
20 лет;2 курс (бакалавриат);юриспруденция;не работал(а)
21 год;2 курс (бакалавриат);Юриспруденция;от 1 до 2 лет
более 22 лет;2 курс (бакалавриат);юриспруденция;более 3 лет
20 лет;2 курс (бакалавриат);Юриспруденция;не работал(а)
19 лет;2 курс (бакалавриат);юриспруденция;менее 1 года
20 лет;2 курс (бакалавриат);юриспруденция;не работал(а)
20 лет;2 курс (бакалавриат);Юриспруденция;менее 1 года
20 лет;2 курс (бакалавриат);Юриспруденция;от 1 до 2 лет
19 лет;2 курс (бакалавриат);Юриспруденция;не работал(а)
18 лет;2 курс (бакалавриат);юриспруденции;менее 1 года
21 год;2 курс (бакалавриат);юриспруденция;от 1 до 2 лет
19 лет;2 курс (бакалавриат);Юриспруденция;менее 1 года
19 лет;2 курс (бакалавриат);Бизнес-информатика;менее 1 года
19 лет;2 курс (бакалавриат);Бизнес-информатика;менее 1 года
19 лет;2 курс (бакалавриат);Бизнес-информатика;менее 1 года
19 лет;2 курс (бакалавриат);бизнес-аналитика;менее 1 года
19 лет;2 курс (бакалавриат);бизнес-информатика;от 2 до 3 лет
19 лет;2 курс (бакалавриат);Бизнес-информатика;не работал(а)
19 лет;2 курс (бакалавриат);бизнес-информатика;менее 1 года
19 лет;2 курс (бакалавриат);ББИ-21 БА-1;не работал(а)
более 22 лет;2 курс (бакалавриат);Бизнес информатика;от 2 до 3 лет
20 лет;2 курс (бакалавриат);бизнес-информатика;не работал(а)
19 лет;2 курс (бакалавриат);Бизнес-информатика;не работал(а)
19 лет;2 курс (бакалавриат);Бизнес-информатика: Бизнес-аналитика;не работал(а)
19 лет;2 курс (бакалавриат);бизнес-информатика;не работал(а)
18 лет;2 курс (бакалавриат);Бизнес-информатика;не работал(а)
19 лет;2 курс (бакалавриат);Бизнес-информатика;менее 1 года
20 лет;2 курс (бакалавриат);Бизнес-информатика (бизнес-аналитика);не работал(а)
20 лет;2 курс (бакалавриат);Бизнес-аналитика(Бизнес-информатика);более 3 лет
20 лет;2 курс (бакалавриат);Бизнес-информатика;от 1 до 2 лет
19 лет;2 курс (бакалавриат);бизнес-аналитик;не работал(а)
19 лет;2 курс (специалитет);Прокурорская деятельность;более 3 лет
19 лет;2 курс специалитет;прокурорская деятельность;от 1 до 2 лет
19 лет;2 кура специалитет;прокурорская деятельность;не работал(а)
19 лет;2 курс (бакалавриат);проеурорская деятельность;менее 1 года
20 лет;2 курс специалитет;Прокурорская деятельность;менее 1 года
20 лет;2 курс (спициалитет);прокурорская деятельность;не работал(а)
19 лет;2 курс ( Специалитет);Судебно-Прокурорская деятельность;менее 1 года
19 лет;2 курс (специалитет);прокурорская деятельность;менее 1 года
19 лет;2 курс (специалитет);Прокурорская Деятельность;не работал(а)
19 лет;2 курс (Специалитет );Прокурорская деятельность;не работал(а)
19 лет;2 курс(специалист);Прокурорская деятельность;менее 1 года
19 лет;2 курс (магистратура);прокурорская деятельность;не работал(а)
19 лет;2 курс (Специалитет);Прокурорская деятельность;менее 1 года
19 лет;2 курс (бакалавриат);Юриспруденция;от 2 до 3 лет
19 лет;2 курс(специалитет);прокурорсая деятельность;не работал(а)
19 лет;2 курс (специалитет);прокурорская деятельность;от 1 до 2 лет
19 лет;2 курс (специалитет);Юриспруденция;не работал(а)
19 лет;2 курс (специалитет);Прокурорская деятельность;менее 1 года
19 лет;2 курс (бакалавриат);Прокурорская деятельность;более 3 лет
19 лет;2 курс (специалитет);Прокурорская деятельность;менее 1 года
